{"len_p_true": 19, "_timestamp": 1720875806.063313, "_runtime": 3264.458666086197, "_step": 4, "train_accuracy": 0.675, "validation_accuracy": 0.635, "acc_p_ik_train_train": 1.0, "auroc_p_ik_train_train": 1.0, "acc_p_ik_train_test": 0.6375, "auroc_p_ik_train_test": 0.5831043956043956, "acc_p_ik_eval": 0.635, "auroc_p_ik_eval": 0.6409233092438789, "n_iter": 79, "converged": true, "performance": {"accuracy": {"mean": 0.635, "bootstrap": {"std_err": 0.02392145856610608, "low": 0.5975, "high": 0.675}}}, "uncertainty": {"p_false": {"AUROC": {"mean": 0.6765721065688706, "bootstrap": {"std_err": 0.02851901277915861, "low": 0.6279047854948321, "high": 0.7190030075243055}}, "area_under_thresholded_accuracy": {"mean": 0.6962601889629443, "bootstrap": {"std_err": 0.02655000230539333, "low": 0.6464325257086614, "high": 0.7336095359197969}}, "mean_uncertainty": {"mean": 1.5270793835818768, "bootstrap": {"std_err": 0.003035213013274526, "low": 1.5220431814193265, "high": 1.5320498515085654}}, "accuracy_at_0.8_answer_fraction": {"mean": 0.69375, "bootstrap": {"std_err": 0.025697985776894246, "low": 0.65, "high": 0.734375}}, "accuracy_at_0.9_answer_fraction": {"mean": 0.6722222222222223, "bootstrap": {"std_err": 0.02592482556735305, "low": 0.6298342541436464, "high": 0.7138976052919283}}, "accuracy_at_0.95_answer_fraction": {"mean": 0.65, "bootstrap": {"std_err": 0.025063716007516636, "low": 0.6089238845144357, "high": 0.6947368421052632}}, "accuracy_at_1.0_answer_fraction": {"mean": 0.635, "bootstrap": {"std_err": 0.023143565377192175, "low": 0.595, "high": 0.6725}}}, "p_false_UNANSWERABLE": {"AUROC": {"mean": NaN, "bootstrap": {"std_err": NaN, "low": NaN, "high": NaN}}, "area_under_thresholded_accuracy": {"mean": 0.9473684210526319, "bootstrap": {"std_err": 0.0, "low": 0.9473684210526319, "high": 0.9473684210526319}}, "mean_uncertainty": {"mean": 1.5270793835818768, "bootstrap": {"std_err": 0.0031237092913079223, "low": 1.5217797832392284, "high": 1.5322026123121812}}, "accuracy_at_0.8_answer_fraction": {"mean": 1.0, "bootstrap": {"std_err": 0.0, "low": NaN, "high": NaN}}, "accuracy_at_0.9_answer_fraction": {"mean": 1.0, "bootstrap": {"std_err": 0.0, "low": NaN, "high": NaN}}, "accuracy_at_0.95_answer_fraction": {"mean": 1.0, "bootstrap": {"std_err": 0.0, "low": NaN, "high": NaN}}, "accuracy_at_1.0_answer_fraction": {"mean": 1.0, "bootstrap": {"std_err": 0.0, "low": NaN, "high": NaN}}}, "p_false_fixed": {"AUROC": {"mean": 0.6765721065688706, "bootstrap": {"std_err": 0.02761393326498873, "low": 0.6301574981524976, "high": 0.7202638808102391}}, "area_under_thresholded_accuracy": {"mean": 0.6962601889629443, "bootstrap": {"std_err": 0.025740277535257667, "low": 0.65154014494527, "high": 0.7361502319391403}}, "mean_uncertainty": {"mean": 0.4085136488173151, "bootstrap": {"std_err": 0.0017798614928056487, "low": 0.4058535136616373, "high": 0.41154149853413724}}, "accuracy_at_0.8_answer_fraction": {"mean": 0.69375, "bootstrap": {"std_err": 0.025811737526466587, "low": 0.646875, "high": 0.73125}}, "accuracy_at_0.9_answer_fraction": {"mean": 0.6722222222222223, "bootstrap": {"std_err": 0.026087499954349797, "low": 0.628808864265928, "high": 0.7166666666666667}}, "accuracy_at_0.95_answer_fraction": {"mean": 0.65, "bootstrap": {"std_err": 0.02526833878387182, "low": 0.6085586047412324, "high": 0.6910994764397905}}, "accuracy_at_1.0_answer_fraction": {"mean": 0.635, "bootstrap": {"std_err": 0.024905677420374812, "low": 0.5925, "high": 0.6725}}}, "p_false_fixed_UNANSWERABLE": {"AUROC": {"mean": NaN, "bootstrap": {"std_err": NaN, "low": NaN, "high": NaN}}, "area_under_thresholded_accuracy": {"mean": 0.9473684210526319, "bootstrap": {"std_err": 0.0, "low": 0.9473684210526319, "high": 0.9473684210526319}}, "mean_uncertainty": {"mean": 0.4085136488173151, "bootstrap": {"std_err": 0.0018325311691365109, "low": 0.4056309269272574, "high": 0.411582446998078}}, "accuracy_at_0.8_answer_fraction": {"mean": 1.0, "bootstrap": {"std_err": 0.0, "low": NaN, "high": NaN}}, "accuracy_at_0.9_answer_fraction": {"mean": 1.0, "bootstrap": {"std_err": 0.0, "low": NaN, "high": NaN}}, "accuracy_at_0.95_answer_fraction": {"mean": 1.0, "bootstrap": {"std_err": 0.0, "low": NaN, "high": NaN}}, "accuracy_at_1.0_answer_fraction": {"mean": 1.0, "bootstrap": {"std_err": 0.0, "low": NaN, "high": NaN}}}, "cluster_assignment_entropy": {"AUROC": {"mean": 0.7849476863337288, "bootstrap": {"std_err": 0.024149276185533534, "low": 0.743662647526527, "high": 0.820503518645005}}, "area_under_thresholded_accuracy": {"mean": 0.7469960335638256, "bootstrap": {"std_err": 0.023102340240198933, "low": 0.7073458029849231, "high": 0.7829899503880405}}, "mean_uncertainty": {"mean": 0.7550892698705809, "bootstrap": {"std_err": 0.03693114438220113, "low": 0.6997878897646579, "high": 0.8198015633149403}}, "accuracy_at_0.8_answer_fraction": {"mean": 0.7476635514018691, "bootstrap": {"std_err": 0.02610759305878026, "low": 0.7014611279462872, "high": 0.7875}}, "accuracy_at_0.9_answer_fraction": {"mean": 0.6878453038674033, "bootstrap": {"std_err": 0.026666956625475094, "low": 0.6378341865814048, "high": 0.726775956284153}}, "accuracy_at_0.95_answer_fraction": {"mean": 0.662303664921466, "bootstrap": {"std_err": 0.026678585632057602, "low": 0.6217104837346488, "high": 0.7101307355659237}}, "accuracy_at_1.0_answer_fraction": {"mean": 0.635, "bootstrap": {"std_err": 0.0241610378398673, "low": 0.5925, "high": 0.6725}}}, "cluster_assignment_entropy_UNANSWERABLE": {"AUROC": {"mean": NaN, "bootstrap": {"std_err": NaN, "low": NaN, "high": NaN}}, "area_under_thresholded_accuracy": {"mean": 0.9473684210526319, "bootstrap": {"std_err": 0.0, "low": 0.9473684210526319, "high": 0.9473684210526319}}, "mean_uncertainty": {"mean": 0.7550892698705809, "bootstrap": {"std_err": 0.036304583550436996, "low": 0.6958284388553524, "high": 0.8110980869602304}}, "accuracy_at_0.8_answer_fraction": {"mean": 1.0, "bootstrap": {"std_err": 0.0, "low": NaN, "high": NaN}}, "accuracy_at_0.9_answer_fraction": {"mean": 1.0, "bootstrap": {"std_err": 0.0, "low": NaN, "high": NaN}}, "accuracy_at_0.95_answer_fraction": {"mean": 1.0, "bootstrap": {"std_err": 0.0, "low": NaN, "high": NaN}}, "accuracy_at_1.0_answer_fraction": {"mean": 1.0, "bootstrap": {"std_err": 0.0, "low": NaN, "high": NaN}}}, "regular_entropy": {"AUROC": {"mean": 0.7727591414086938, "bootstrap": {"std_err": 0.026113462073610615, "low": 0.7244801783691833, "high": 0.8092714362004776}}, "area_under_thresholded_accuracy": {"mean": 0.7444716895956335, "bootstrap": {"std_err": 0.02345257844118892, "low": 0.7029684896409039, "high": 0.7788078548902984}}, "mean_uncertainty": {"mean": 0.691722329627908, "bootstrap": {"std_err": 0.02503430402527944, "low": 0.6515663688136675, "high": 0.7331273083037024}}, "accuracy_at_0.8_answer_fraction": {"mean": 0.734375, "bootstrap": {"std_err": 0.026735238667237003, "low": 0.6873084147797646, "high": 0.7756213530408401}}, "accuracy_at_0.9_answer_fraction": {"mean": 0.6833333333333333, "bootstrap": {"std_err": 0.024740676086322855, "low": 0.6444444444444445, "high": 0.725}}, "accuracy_at_0.95_answer_fraction": {"mean": 0.6605263157894737, "bootstrap": {"std_err": 0.025106254385178866, "low": 0.6157894736842106, "high": 0.7}}, "accuracy_at_1.0_answer_fraction": {"mean": 0.635, "bootstrap": {"std_err": 0.024173261888713743, "low": 0.595, "high": 0.675}}}, "regular_entropy_UNANSWERABLE": {"AUROC": {"mean": NaN, "bootstrap": {"std_err": NaN, "low": NaN, "high": NaN}}, "area_under_thresholded_accuracy": {"mean": 0.9473684210526319, "bootstrap": {"std_err": 0.0, "low": 0.9473684210526319, "high": 0.9473684210526319}}, "mean_uncertainty": {"mean": 0.691722329627908, "bootstrap": {"std_err": 0.025067454022414625, "low": 0.653647317248638, "high": 0.7347531095156508}}, "accuracy_at_0.8_answer_fraction": {"mean": 1.0, "bootstrap": {"std_err": 0.0, "low": NaN, "high": NaN}}, "accuracy_at_0.9_answer_fraction": {"mean": 1.0, "bootstrap": {"std_err": 0.0, "low": NaN, "high": NaN}},