{"train_accuracy": 0.54, "_timestamp": 1723694623.6342773, "_runtime": 743.5097494125366, "_step": 2, "validation_accuracy": 0.62, "performance": {"accuracy": {"mean": 0.62, "bootstrap": {"std_err": 0.06952640880644938, "low": 0.5, "high": 0.74}}}, "uncertainty": {"cluster_assignment_entropy": {"AUROC": {"mean": 0.8480475382003395, "bootstrap": {"std_err": 0.05689070029757621, "low": 0.7399263420345956, "high": 0.9295717367519263}}, "area_under_thresholded_accuracy": {"mean": 0.7708452853843588, "bootstrap": {"std_err": 0.05888447351440002, "low": 0.6567620375319195, "high": 0.8527132972652469}}, "mean_uncertainty": {"mean": 0.5124474911085531, "bootstrap": {"std_err": 0.09469990935485274, "low": 0.3753866590016017, "high": 0.6897516892728898}}, "accuracy_at_0.8_answer_fraction": {"mean": 0.725, "bootstrap": {"std_err": 0.08032763998925739, "low": 0.5853658536585366, "high": 0.85}}, "accuracy_at_0.9_answer_fraction": {"mean": 0.6888888888888889, "bootstrap": {"std_err": 0.07227380764506743, "low": 0.5777777777777777, "high": 0.8043478260869565}}, "accuracy_at_0.95_answer_fraction": {"mean": 0.6595744680851063, "bootstrap": {"std_err": 0.07600118869121573, "low": 0.5306122448979592, "high": 0.7708333333333334}}, "accuracy_at_1.0_answer_fraction": {"mean": 0.62, "bootstrap": {"std_err": 0.06742741620777454, "low": 0.5, "high": 0.72}}}, "cluster_assignment_entropy_UNANSWERABLE": {"AUROC": {"mean": NaN, "bootstrap": {"std_err": NaN, "low": NaN, "high": NaN}}, "area_under_thresholded_accuracy": {"mean": 0.9473684210526319, "bootstrap": {"std_err": 0.0, "low": 0.9473684210526319, "high": 0.9473684210526319}}, "mean_uncertainty": {"mean": 0.5124474911085531, "bootstrap": {"std_err": 0.08857960744957209, "low": 0.3795754603424312, "high": 0.6674577288847964}}, "accuracy_at_0.8_answer_fraction": {"mean": 1.0, "bootstrap": {"std_err": 0.0, "low": NaN, "high": NaN}}, "accuracy_at_0.9_answer_fraction": {"mean": 1.0, "bootstrap": {"std_err": 0.0, "low": NaN, "high": NaN}}, "accuracy_at_0.95_answer_fraction": {"mean": 1.0, "bootstrap": {"std_err": 0.0, "low": NaN, "high": NaN}}, "accuracy_at_1.0_answer_fraction": {"mean": 1.0, "bootstrap": {"std_err": 0.0, "low": NaN, "high": NaN}}}, "BSearch_cluster_assignment_entropy": {"AUROC": {"mean": 0.8565365025466893, "bootstrap": {"std_err": 0.050987730851067274, "low": 0.7511533139846513, "high": 0.9252969547344502}}, "area_under_thresholded_accuracy": {"mean": 0.7921570144644844, "bootstrap": {"std_err": 0.053834887327695174, "low": 0.6960739916400366, "high": 0.8641229284502475}}, "mean_uncertainty": {"mean": 1.0894374174699057, "bootstrap": {"std_err": 0.08723418856356942, "low": 0.9400806172937872, "high": 1.2248316008324798}}, "accuracy_at_0.8_answer_fraction": {"mean": 0.7317073170731707, "bootstrap": {"std_err": 0.07807957648605386, "low": 0.625, "high": 0.875}}, "accuracy_at_0.9_answer_fraction": {"mean": 0.6666666666666666, "bootstrap": {"std_err": 0.07841222730804188, "low": 0.5333333333333333, "high": 0.782608695652174}}, "accuracy_at_0.95_answer_fraction": {"mean": 0.6458333333333334, "bootstrap": {"std_err": 0.0720365482863239, "low": 0.54, "high": 0.7708333333333334}}, "accuracy_at_1.0_answer_fraction": {"mean": 0.62, "bootstrap": {"std_err": 0.06834427071334757, "low": 0.5, "high": 0.74}}}, "BSearch_cluster_assignment_entropy_UNANSWERABLE": {"AUROC": {"mean": NaN, "bootstrap": {"std_err": NaN, "low": NaN, "high": NaN}}, "area_under_thresholded_accuracy": {"mean": 0.9473684210526319, "bootstrap": {"std_err": 0.0, "low": 0.9473684210526319, "high": 0.9473684210526319}}, "mean_uncertainty": {"mean": 1.0894374174699057, "bootstrap": {"std_err": 0.08835566630937394, "low": 0.9598087799555264, "high": 1.2465601580872134}}, "accuracy_at_0.8_answer_fraction": {"mean": 1.0, "bootstrap": {"std_err": 0.0, "low": NaN, "high": NaN}}, "accuracy_at_0.9_answer_fraction": {"mean": 1.0, "bootstrap": {"std_err": 0.0, "low": NaN, "high": NaN}}, "accuracy_at_0.95_answer_fraction": {"mean": 1.0, "bootstrap": {"std_err": 0.0, "low": NaN, "high": NaN}}, "accuracy_at_1.0_answer_fraction": {"mean": 1.0, "bootstrap": {"std_err": 0.0, "low": NaN, "high": NaN}}}, "BSample_cluster_assignment_entropy": {"AUROC": {"mean": 0.6910016977928692, "bootstrap": {"std_err": 0.07429043316405683, "low": 0.5416666666666667, "high": 0.7987044644244101}}, "area_under_thresholded_accuracy": {"mean": 0.7107242386405106, "bootstrap": {"std_err": 0.06774246388683433, "low": 0.5898190700252828, "high": 0.8163144069182253}}, "mean_uncertainty": {"mean": 1.5034345519833576, "bootstrap": {"std_err": 0.07893317000014237, "low": 1.3618104846877033, "high": 1.6217342168514037}}, "accuracy_at_0.8_answer_fraction": {"mean": 0.6585365853658537, "bootstrap": {"std_err": 0.07470703272640888, "low": 0.5238095238095238, "high": 0.7739288407988154}}, "accuracy_at_0.9_answer_fraction": {"mean": 0.6521739130434783, "bootstrap": {"std_err": 0.07069201363756515, "low": 0.5333333333333333, "high": 0.7659574468085106}}, "accuracy_at_0.95_answer_fraction": {"mean": 0.6458333333333334, "bootstrap": {"std_err": 0.06833729700025833, "low": 0.54, "high": 0.7659574468085106}}, "accuracy_at_1.0_answer_fraction": {"mean": 0.62, "bootstrap": {"std_err": 0.0724315727616951, "low": 0.52, "high": 0.74}}}, "BSample_cluster_assignment_entropy_UNANSWERABLE": {"AUROC": {"mean": NaN, "bootstrap": {"std_err": NaN, "low": NaN, "high": NaN}}, "area_under_thresholded_accuracy": {"mean": 0.9473684210526319, "bootstrap": {"std_err": 0.0, "low": 0.9473684210526319, "high": 0.9473684210526319}}, "mean_uncertainty": {"mean": 1.5034345519833576, "bootstrap": {"std_err": 0.07933854009088795, "low": 1.355916449346258, "high": 1.6215129093169902}}, "accuracy_at_0.8_answer_fraction": {"mean": 1.0, "bootstrap": {"std_err": 0.0, "low": NaN, "high": NaN}}, "accuracy_at_0.9_answer_fraction": {"mean": 1.0, "bootstrap": {"std_err": 0.0, "low": NaN, "high": NaN}}, "accuracy_at_0.95_answer_fraction": {"mean": 1.0, "bootstrap": {"std_err": 0.0, "low": NaN, "high": NaN}}, "accuracy_at_1.0_answer_fraction": {"mean": 1.0, "bootstrap": {"std_err": 0.0, "low": NaN, "high": NaN}}}, "regular_entropy": {"AUROC": {"mean": 0.8344651952461799, "bootstrap": {"std_err": 0.06101053639447921, "low": 0.7015477762606742, "high": 0.9107117177970665}}, "area_under_thresholded_accuracy": {"mean": 0.7708633512706154, "bootstrap": {"std_err": 0.05975083120410387, "low": 0.6282642698575308, "high": 0.8410289226908327}}, "mean_uncertainty": {"mean": 0.4745938359423526, "bootstrap": {"std_err": 0.07200164082637678, "low": 0.37132923866085993, "high": 0.6189203538780046}}, "accuracy_at_0.8_answer_fraction": {"mean": 0.725, "bootstrap": {"std_err": 0.07461977970054, "low": 0.5901134109924651, "high": 0.8292682926829268}}, "accuracy_at_0.9_answer_fraction": {"mean": 0.6888888888888889, "bootstrap": {"std_err": 0.07493581567612757, "low": 0.5555555555555556, "high": 0.8043478260869565}}, "accuracy_at_0.95_answer_fraction": {"mean": 0.6595744680851063, "bootstrap": {"std_err": 0.07415009976503754, "low": 0.5319148936170213, "high": 0.7708333333333334}}, "accuracy_at_1.0_answer_fraction": {"mean": 0.62, "bootstrap": {"std_err": 0.0709283810278737, "low": 0.5, "high": 0.74}}}, "regular_entropy_UNANSWERABLE": {"AUROC": {"mean": NaN, "bootstrap": {"std_err": NaN, "low": NaN, "high": NaN}}, "area_under_thresholded_accuracy": {"mean": 0.9473684210526319, "bootstrap": {"std_err": 0.0, "low": 0.9473684210526319, "high": 0.9473684210526319}}, "mean_uncertainty": {"mean": 0.4745938359423526, "bootstrap": {"std_err": 0.0757611942702901, "low": 0.36250480480549807, "high": 0.6087605104229729}}, "accuracy_at_0.8_answer_fraction": {"mean": 1.0, "bootstrap": {"std_err": 0.0, "low": NaN, "high": NaN}}, "accuracy_at_0.9_answer_fraction": {"mean": 1.0, "bootstrap": {"std_err": 0.0, "low": NaN, "high": NaN}}, "accuracy_at_0.95_answer_fraction": {"mean": 1.0, "bootstrap": {"std_err": 0.0, "low": NaN, "high": NaN}},