{"train_accuracy": 0.58, "_timestamp": 1723475559.5644622, "_runtime": 745.9276371002197, "_step": 1, "validation_accuracy": 0.53, "_wandb": {"runtime": 1257}}