{"train_accuracy": 0.6, "_timestamp": 1723544814.1536806, "_runtime": 5933.924040555954, "_step": 2, "validation_accuracy": 0.6, "performance": {"accuracy": {"mean": 0.6, "bootstrap": {"std_err": 0.02217992274497306, "low": 0.562, "high": 0.636}}}, "uncertainty": {"cluster_assignment_entropy": {"AUROC": {"mean": 0.7545416666666667, "bootstrap": {"std_err": 0.021262020627205273, "low": 0.7181105791669103, "high": 0.7870596493537346}}, "area_under_thresholded_accuracy": {"mean": 0.7043256682861786, "bootstrap": {"std_err": 0.020913890333961006, "low": 0.6665947429801615, "high": 0.7362441705373683}}, "mean_uncertainty": {"mean": 0.5023803635133318, "bootstrap": {"std_err": 0.02904056475705938, "low": 0.4583336308642126, "high": 0.5546079732981444}}, "accuracy_at_0.8_answer_fraction": {"mean": 0.6932668329177057, "bootstrap": {"std_err": 0.02583335726258875, "low": 0.6518872680844913, "high": 0.74}}, "accuracy_at_0.9_answer_fraction": {"mean": 0.6422222222222222, "bootstrap": {"std_err": 0.02345476182736821, "low": 0.5989605285816486, "high": 0.6777777777777778}}, "accuracy_at_0.95_answer_fraction": {"mean": 0.6210526315789474, "bootstrap": {"std_err": 0.023152942754194016, "low": 0.5854166666666667, "high": 0.6610723801092286}}, "accuracy_at_1.0_answer_fraction": {"mean": 0.6, "bootstrap": {"std_err": 0.02216128332201181, "low": 0.564, "high": 0.636}}}, "cluster_assignment_entropy_UNANSWERABLE": {"AUROC": {"mean": NaN, "bootstrap": {"std_err": NaN, "low": NaN, "high": NaN}}, "area_under_thresholded_accuracy": {"mean": 0.9473684210526319, "bootstrap": {"std_err": 0.0, "low": NaN, "high": NaN}}, "mean_uncertainty": {"mean": 0.5023803635133318, "bootstrap": {"std_err": 0.02748664683672988, "low": 0.45764973029694855, "high": 0.5472183658290279}}, "accuracy_at_0.8_answer_fraction": {"mean": 1.0, "bootstrap": {"std_err": 0.0, "low": NaN, "high": NaN}}, "accuracy_at_0.9_answer_fraction": {"mean": 1.0, "bootstrap": {"std_err": 0.0, "low": NaN, "high": NaN}}, "accuracy_at_0.95_answer_fraction": {"mean": 1.0, "bootstrap": {"std_err": 0.0, "low": NaN, "high": NaN}}, "accuracy_at_1.0_answer_fraction": {"mean": 1.0, "bootstrap": {"std_err": 0.0, "low": NaN, "high": NaN}}}, "beam_search_cluster_assignment_entropy": {"AUROC": {"mean": 0.7754916666666667, "bootstrap": {"std_err": 0.021401033180426826, "low": 0.7373932202720754, "high": 0.8077678235623289}}, "area_under_thresholded_accuracy": {"mean": 0.7240312676669368, "bootstrap": {"std_err": 0.020925719520135586, "low": 0.6857641907982519, "high": 0.7538849758170949}}, "mean_uncertainty": {"mean": 1.0818563049883365, "bootstrap": {"std_err": 0.029807978905422857, "low": 1.031458333846336, "high": 1.1283560360793294}}, "accuracy_at_0.8_answer_fraction": {"mean": 0.6957605985037406, "bootstrap": {"std_err": 0.02500904942357624, "low": 0.6616915422885572, "high": 0.7436719854173388}}, "accuracy_at_0.9_answer_fraction": {"mean": 0.6427015250544662, "bootstrap": {"std_err": 0.023642036010944455, "low": 0.6014703163466086, "high": 0.6793864031242647}}, "accuracy_at_0.95_answer_fraction": {"mean": 0.6122448979591837, "bootstrap": {"std_err": 0.023992177554127612, "low": 0.5698845405706614, "high": 0.6464971003405751}}, "accuracy_at_1.0_answer_fraction": {"mean": 0.6, "bootstrap": {"std_err": 0.022263590084338238, "low": 0.562, "high": 0.636}}}, "beam_search_cluster_assignment_entropy_UNANSWERABLE": {"AUROC": {"mean": NaN, "bootstrap": {"std_err": NaN, "low": NaN, "high": NaN}}, "area_under_thresholded_accuracy": {"mean": 0.9473684210526319, "bootstrap": {"std_err": 0.0, "low": NaN, "high": NaN}}, "mean_uncertainty": {"mean": 1.0818563049883365, "bootstrap": {"std_err": 0.02847467638565646, "low": 1.0352515635621269, "high": 1.12927539896344}}, "accuracy_at_0.8_answer_fraction": {"mean": 1.0, "bootstrap": {"std_err": 0.0, "low": NaN, "high": NaN}}, "accuracy_at_0.9_answer_fraction": {"mean": 1.0, "bootstrap": {"std_err": 0.0, "low": NaN, "high": NaN}}, "accuracy_at_0.95_answer_fraction": {"mean": 1.0, "bootstrap": {"std_err": 0.0, "low": NaN, "high": NaN}}, "accuracy_at_1.0_answer_fraction": {"mean": 1.0, "bootstrap": {"std_err": 0.0, "low": NaN, "high": NaN}}}, "beam_sample_cluster_assignment_entropy": {"AUROC": {"mean": 0.6887333333333334, "bootstrap": {"std_err": 0.02088828321206918, "low": 0.6518021524556364, "high": 0.7211318870713613}}, "area_under_thresholded_accuracy": {"mean": 0.6605434284604532, "bootstrap": {"std_err": 0.020955655691423183, "low": 0.6273228304109627, "high": 0.6962034699022158}}, "mean_uncertainty": {"mean": 0.18066110676563085, "bootstrap": {"std_err": 0.015460746989265042, "low": 0.1573136755652307, "high": 0.20812343524963112}}, "accuracy_at_0.8_answer_fraction": {"mean": 0.6810551558752997, "bootstrap": {"std_err": 0.022873579289359354, "low": 0.640550516980565, "high": 0.7157912904253616}}, "accuracy_at_0.9_answer_fraction": {"mean": 0.6511111111111111, "bootstrap": {"std_err": 0.02236518466270455, "low": 0.6171065494821923, "high": 0.6867880122733482}}, "accuracy_at_0.95_answer_fraction": {"mean": 0.6294736842105263, "bootstrap": {"std_err": 0.0220872669509045, "low": 0.5970790732597762, "high": 0.6694736842105263}}, "accuracy_at_1.0_answer_fraction": {"mean": 0.6, "bootstrap": {"std_err": 0.021339105450356204, "low": 0.568, "high": 0.638}}}, "beam_sample_cluster_assignment_entropy_UNANSWERABLE": {"AUROC": {"mean": NaN, "bootstrap": {"std_err": NaN, "low": NaN, "high": NaN}}, "area_under_thresholded_accuracy": {"mean": 0.9473684210526319, "bootstrap": {"std_err": 0.0, "low": NaN, "high": NaN}}, "mean_uncertainty": {"mean": 0.18066110676563085, "bootstrap": {"std_err": 0.015386946432784916, "low": 0.15803382572163208, "high": 0.20877498903077316}}, "accuracy_at_0.8_answer_fraction": {"mean": 1.0, "bootstrap": {"std_err": 0.0, "low": NaN, "high": NaN}}, "accuracy_at_0.9_answer_fraction": {"mean": 1.0, "bootstrap": {"std_err": 0.0, "low": NaN, "high": NaN}}, "accuracy_at_0.95_answer_fraction": {"mean": 1.0, "bootstrap": {"std_err": 0.0, "low": NaN, "high": NaN}}, "accuracy_at_1.0_answer_fraction": {"mean": 1.0, "bootstrap": {"std_err": 0.0, "low": NaN, "high": NaN}}}, "regular_entropy": {"AUROC": {"mean": 0.7162499999999998, "bootstrap": {"std_err": 0.024347535503123265, "low": 0.6727265463363212, "high": 0.7539544855466379}}, "area_under_thresholded_accuracy": {"mean": 0.691288352635481, "bootstrap": {"std_err": 0.02288419758527959, "low": 0.6483773421865792, "high": 0.7241348515471673}}, "mean_uncertainty": {"mean": 0.4397383623198099, "bootstrap": {"std_err": 0.018534988600722214, "low": 0.4123335564378006, "high": 0.4706887020461596}}, "accuracy_at_0.8_answer_fraction": {"mean": 0.69, "bootstrap": {"std_err": 0.02454070675905039, "low": 0.6508728179551122, "high": 0.7356608478802993}}, "accuracy_at_0.9_answer_fraction": {"mean": 0.6377777777777778, "bootstrap": {"std_err": 0.02354915972965079, "low": 0.6, "high": 0.6755555555555556}}, "accuracy_at_0.95_answer_fraction": {"mean": 0.6147368421052631, "bootstrap": {"std_err": 0.02304936266259415, "low": 0.5736028175249414, "high": 0.6494248220839869}}, "accuracy_at_1.0_answer_fraction": {"mean": 0.6, "bootstrap": {"std_err": 0.022243374827658775, "low": 0.562, "high": 0.636}}}, "regular_entropy_UNANSWERABLE": {"AUROC": {"mean": NaN, "bootstrap": {"std_err": NaN, "low": NaN, "high": NaN}}, "area_under_thresholded_accuracy": {"mean": 0.9473684210526319, "bootstrap": {"std_err": 0.0, "low": NaN, "high": NaN}}, "mean_uncertainty": {"mean": 0.4397383623198099, "bootstrap": {"std_err": 0.018542496431527528, "low": 0.41013183016188887, "high": 0.4712076786784629}}, "accuracy_at_0.8_answer_fraction": {"mean": 1.0, "bootstrap": {"std_err": 0.0, "low": NaN, "high": NaN}}, "accuracy_at_0.9_answer_fraction": {"mean": 1.0, "bootstrap": {"std_err": 0.0, "low": NaN, "high": NaN}}, "accuracy_at_0.95_answer_fraction": {"mean": 1.0, "bootstrap": {"std_err": 0.0, "low": NaN, "high": NaN}}, "accuracy_at_1.0_answer_fraction": {"mean": 1.0,